{
  "buildServer.defs.ts": [],
  "buildServer.test.ts": [
    "./_100554_tsTestAST"
  ],
  "buildServer.ts": [
    "./_100554_libCompile",
    "./_100554_collabLibStor"
  ],
  "designSystem.defs.ts": [],
  "designSystem.test.ts": [
    "./_100554_tsTestAST"
  ],
  "designSystem.ts": [
    "./_100554_designSystemBase"
  ],
  "liveServer.defs.ts": [],
  "liveServer.test.ts": [
    "./_100554_tsTestAST"
  ],
  "liveServer.ts": [
    "lit",
    "lit/decorators.js",
    "./_100554_collabLitElement",
    "./_102021_start"
  ],
  "project.defs.ts": [],
  "project.test.ts": [
    "./_100554_tsTestAST"
  ],
  "project.ts": [],
  "start.defs.ts": [],
  "start.test.ts": [
    "./_100554_tsTestAST"
  ],
  "start.ts": [
    "./_100554_libCommom",
    "./_102021_buildServer"
  ]
}