{
  "agentEndpoint.defs.ts": [],
  "agentEndpoint.test.ts": [
    "./_100554_tsTestAST"
  ],
  "agentEndpoint.ts": [
    "./_100554_aiAgentBase",
    "./_100554_aiPrompts",
    "./_100554_aiAgentHelper",
    "./_100554_aiAgentOrchestration"
  ],
  "agentEndpointCommonLocal.defs.ts": [],
  "agentEndpointCommonLocal.test.ts": [
    "./_100554_tsTestAST"
  ],
  "agentEndpointCommonLocal.ts": [
    "./_100554_aiAgentBase",
    "./_100554_aiPrompts",
    "./_100554_aiAgentHelper",
    "./_100554_aiAgentOrchestration",
    "./_102021_agentEndpointHelper"
  ],
  "agentEndpointHelper.defs.ts": [],
  "agentEndpointHelper.test.ts": [
    "./_100554_tsTestAST"
  ],
  "agentEndpointHelper.ts": [
    "./_100554_aiAgentHelper"
  ],
  "agentEndpointLayer1Context.defs.ts": [],
  "agentEndpointLayer1Context.test.ts": [
    "./_100554_tsTestAST"
  ],
  "agentEndpointLayer1Context.ts": [
    "./_100554_aiAgentBase",
    "./_100554_aiPrompts",
    "./_100554_aiAgentHelper",
    "./_100554_aiAgentOrchestration",
    "./_102021_agentEndpointHelper"
  ],
  "agentEndpointLayer1localDB.defs.ts": [],
  "agentEndpointLayer1localDB.test.ts": [
    "./_100554_tsTestAST"
  ],
  "agentEndpointLayer1localDB.ts": [
    "./_100554_aiAgentBase",
    "./_100554_aiPrompts",
    "./_100554_aiAgentHelper",
    "./_100554_aiAgentOrchestration",
    "./_102021_agentEndpointHelper"
  ],
  "agentEndpointLayer2Controller.defs.ts": [],
  "agentEndpointLayer2Controller.test.ts": [
    "./_100554_tsTestAST"
  ],
  "agentEndpointLayer2Controller.ts": [
    "./_100554_aiAgentBase",
    "./_100554_aiPrompts",
    "./_100554_aiAgentHelper",
    "./_100554_aiAgentOrchestration",
    "./_102021_agentEndpointHelper"
  ],
  "agentEndpointLayer2Routes.defs.ts": [],
  "agentEndpointLayer2Routes.test.ts": [
    "./_100554_tsTestAST"
  ],
  "agentEndpointLayer2Routes.ts": [
    "./_100554_aiAgentBase",
    "./_100554_aiPrompts",
    "./_100554_aiAgentHelper",
    "./_100554_aiAgentOrchestration",
    "./_102021_agentEndpointHelper"
  ],
  "agentEndpointLayer3UseCase.defs.ts": [],
  "agentEndpointLayer3UseCase.test.ts": [
    "./_100554_tsTestAST"
  ],
  "agentEndpointLayer3UseCase.ts": [
    "./_100554_aiAgentBase",
    "./_100554_aiPrompts",
    "./_100554_aiAgentHelper",
    "./_100554_aiAgentOrchestration",
    "./_102021_agentEndpointHelper"
  ],
  "agentEndpointLayer4Entity.defs.ts": [],
  "agentEndpointLayer4Entity.test.ts": [
    "./_100554_tsTestAST"
  ],
  "agentEndpointLayer4Entity.ts": [
    "./_100554_aiAgentBase",
    "./_100554_aiPrompts",
    "./_100554_aiAgentHelper",
    "./_100554_aiAgentOrchestration",
    "./_102021_agentEndpointHelper"
  ],
  "agentEndpointLayer4EntityBase.defs.ts": [],
  "agentEndpointLayer4EntityBase.test.ts": [
    "./_100554_tsTestAST"
  ],
  "agentEndpointLayer4EntityBase.ts": [
    "./_100554_aiAgentBase",
    "./_100554_aiPrompts",
    "./_100554_aiAgentHelper",
    "./_100554_aiAgentOrchestration",
    "./_102021_agentEndpointHelper"
  ],
  "aiIntegrationHub.defs.ts": [],
  "aiIntegrationHub.test.ts": [
    "./_100554_tsTestAST"
  ],
  "aiIntegrationHub.ts": [
    "./_100554_collabMessageHelper",
    "./_100554_msgDBController",
    "./_100554_collabMessageHelper"
  ],
  "buildServer.defs.ts": [],
  "buildServer.test.ts": [
    "./_100554_tsTestAST"
  ],
  "buildServer.ts": [
    "./_100554_libCompile",
    "./_100554_collabLibStor"
  ],
  "designSystem.defs.ts": [],
  "designSystem.test.ts": [
    "./_100554_tsTestAST"
  ],
  "designSystem.ts": [
    "./_100554_designSystemBase"
  ],
  "liveServer.defs.ts": [],
  "liveServer.test.ts": [
    "./_100554_tsTestAST"
  ],
  "liveServer.ts": [
    "lit",
    "lit/decorators.js",
    "./_100554_collabLitElement",
    "./_102021_start"
  ],
  "project.defs.ts": [],
  "project.test.ts": [
    "./_100554_tsTestAST"
  ],
  "project.ts": [],
  "start.defs.ts": [],
  "start.test.ts": [
    "./_100554_tsTestAST"
  ],
  "start.ts": [
    "./_100554_libCommom",
    "./_102021_buildServer"
  ]
}