{
  "lastModified": "2025-11-14T12:07:20.982Z",
  "files": [
    {
      "shortPath": "l0/README.md",
      "versionRef": "ed74099fcd216f97bf6b21acea93ee21b229595d",
      "Length": 1775,
      "update_at": "2025-11-14T12:07:00.000Z"
    },
    {
      "shortPath": "l1/common/local.ts",
      "versionRef": "6d6df197e26a8803ba38fb06346e5b18ac8cd469",
      "Length": 242,
      "update_at": "2025-11-06T18:11:18.000Z"
    },
    {
      "shortPath": "l1/global.ts",
      "versionRef": "4f153b26068d277d08d539e0403a6955a836878f",
      "Length": 1101,
      "update_at": "2025-11-12T14:04:33.000Z"
    },
    {
      "shortPath": "l1/layer_1_external/context.defs.ts",
      "versionRef": "6bb6a49e3b8897c36ad22734a76e1110a3fa8070",
      "Length": 97,
      "update_at": "2025-11-07T19:23:29.000Z"
    },
    {
      "shortPath": "l1/layer_1_external/context.ts",
      "versionRef": "398c176ec714e8376363f8d5560d5dafd701c095",
      "Length": 526,
      "update_at": "2025-11-13T20:31:37.000Z"
    },
    {
      "shortPath": "l1/layer_1_external/index.ts",
      "versionRef": "69f3722be628cdeaf893f213ce32c2e767dc80a6",
      "Length": 476,
      "update_at": "2025-11-06T18:11:18.000Z"
    },
    {
      "shortPath": "l1/layer_1_external/localDB/user.ts",
      "versionRef": "7bce65396226fd97544614a980a49d45e4f055ef",
      "Length": 2256,
      "update_at": "2025-11-13T20:31:37.000Z"
    },
    {
      "shortPath": "l1/layer_2_controllers/addUser.ts",
      "versionRef": "e70bf5ea0b31ae2447e4fb60b65883c05fd169ed",
      "Length": 917,
      "update_at": "2025-11-06T18:11:18.000Z"
    },
    {
      "shortPath": "l1/layer_2_controllers/delUser.ts",
      "versionRef": "fc9a41ab2e219fc85c9ec4116c7cfe126708e9d1",
      "Length": 859,
      "update_at": "2025-11-12T14:05:27.000Z"
    },
    {
      "shortPath": "l1/layer_2_controllers/listUser.ts",
      "versionRef": "b9cf1067e5679ab326dae0673dbb19c0a58d7d93",
      "Length": 764,
      "update_at": "2025-11-12T14:05:27.000Z"
    },
    {
      "shortPath": "l1/layer_2_controllers/routes.defs.ts",
      "versionRef": "7772333d47c46b5e4f2d18a17363e183c7e6d2d5",
      "Length": 850,
      "update_at": "2025-11-13T20:31:37.000Z"
    },
    {
      "shortPath": "l1/layer_2_controllers/routes.ts",
      "versionRef": "330eccad975f467fc271cc37d76b16e920e0e59e",
      "Length": 1182,
      "update_at": "2025-11-12T14:05:27.000Z"
    },
    {
      "shortPath": "l1/layer_2_controllers/uppUser.ts",
      "versionRef": "2534737e5ffda48f07c9868b5ba5ef0f4609cf52",
      "Length": 913,
      "update_at": "2025-11-12T14:05:27.000Z"
    },
    {
      "shortPath": "l1/layer_3_use_cases/addUser.ts",
      "versionRef": "947ebac16f49550118f339fc5b8b948a61c1df28",
      "Length": 362,
      "update_at": "2025-11-06T18:11:18.000Z"
    },
    {
      "shortPath": "l1/layer_3_use_cases/delUser.ts",
      "versionRef": "61d31d756e8b5b8db9f52974d478ff459128d8c4",
      "Length": 302,
      "update_at": "2025-11-12T14:05:27.000Z"
    },
    {
      "shortPath": "l1/layer_3_use_cases/listUser.ts",
      "versionRef": "125a769556fa0c4c8d371d553aebd9ae1cdb8ca8",
      "Length": 345,
      "update_at": "2025-11-12T14:05:27.000Z"
    },
    {
      "shortPath": "l1/layer_3_use_cases/uppUser.ts",
      "versionRef": "527f84d9083d6f3a92dbd218a9973d826c72cccc",
      "Length": 365,
      "update_at": "2025-11-12T14:05:27.000Z"
    },
    {
      "shortPath": "l1/layer_4_entities/user.ts",
      "versionRef": "51168195bdfec364ff47f09bbc5102ce345a5b96",
      "Length": 297,
      "update_at": "2025-11-06T18:11:18.000Z"
    },
    {
      "shortPath": "l1/layer_4_entities/userBase.ts",
      "versionRef": "bd1a0a0145ca88187a30d63b3727c24d7eaa3341",
      "Length": 405,
      "update_at": "2025-11-06T18:11:18.000Z"
    },
    {
      "shortPath": "l2/agentEndpoint.defs.ts",
      "versionRef": "ba9656e7e959773764aed90a60c81456d0853a20",
      "Length": 87,
      "update_at": "2025-11-12T12:47:31.000Z"
    },
    {
      "shortPath": "l2/agentEndpoint.html",
      "versionRef": "199fdd3c44e5e13fa08a792fbe133009f29948ad",
      "Length": 1433,
      "update_at": "2025-11-13T20:31:37.000Z"
    },
    {
      "shortPath": "l2/agentEndpoint.less",
      "versionRef": "7c0f50a9fbdd6864ee045c034a4394a0b5e3c56e",
      "Length": 146,
      "update_at": "2025-11-12T12:47:31.000Z"
    },
    {
      "shortPath": "l2/agentEndpoint.test.ts",
      "versionRef": "4a987ef43d24e17ac89b3d63ddb0230d5f1eafae",
      "Length": 255,
      "update_at": "2025-11-12T12:47:31.000Z"
    },
    {
      "shortPath": "l2/agentEndpoint.ts",
      "versionRef": "3ee6c54370336023428231cc2bb1a87af4343c4c",
      "Length": 3178,
      "update_at": "2025-11-13T20:31:37.000Z"
    },
    {
      "shortPath": "l2/agentEndpointCommonLocal.defs.ts",
      "versionRef": "51648d17550e97dba48a579296c512077f0d6356",
      "Length": 98,
      "update_at": "2025-11-13T20:31:37.000Z"
    },
    {
      "shortPath": "l2/agentEndpointCommonLocal.html",
      "versionRef": "ec29ecd74a9a9f210266a80efc47e6f7e36fddf9",
      "Length": 4904,
      "update_at": "2025-11-13T20:31:37.000Z"
    },
    {
      "shortPath": "l2/agentEndpointCommonLocal.less",
      "versionRef": "87496959c0b74c8a33c5753f43fa981071315272",
      "Length": 170,
      "update_at": "2025-11-13T20:31:37.000Z"
    },
    {
      "shortPath": "l2/agentEndpointCommonLocal.test.ts",
      "versionRef": "35d8f9c1f806748b95e9a0ec2b29ee24b164bcb3",
      "Length": 266,
      "update_at": "2025-11-13T20:31:37.000Z"
    },
    {
      "shortPath": "l2/agentEndpointCommonLocal.ts",
      "versionRef": "0aea83329fa24c5fe2ed932f590224ed73821fd8",
      "Length": 3910,
      "update_at": "2025-11-13T20:31:37.000Z"
    },
    {
      "shortPath": "l2/agentEndpointHelper.defs.ts",
      "versionRef": "dbe09373c309174dd47a97550a569c1d5c50b89c",
      "Length": 93,
      "update_at": "2025-11-13T20:31:37.000Z"
    },
    {
      "shortPath": "l2/agentEndpointHelper.html",
      "versionRef": "80fc0bbc299211ca171b849314530db1fa869788",
      "Length": 28,
      "update_at": "2025-11-13T20:31:37.000Z"
    },
    {
      "shortPath": "l2/agentEndpointHelper.less",
      "versionRef": "2e33705175b4c1cdf0222d7bcc301ccad7e7b7b3",
      "Length": 159,
      "update_at": "2025-11-13T20:31:37.000Z"
    },
    {
      "shortPath": "l2/agentEndpointHelper.test.ts",
      "versionRef": "a340a3a0aeca14c7557f5aefa7e9dce77b811891",
      "Length": 261,
      "update_at": "2025-11-13T20:31:37.000Z"
    },
    {
      "shortPath": "l2/agentEndpointHelper.ts",
      "versionRef": "73470744d633c63c9786dd42d3699cd28d0acb63",
      "Length": 1208,
      "update_at": "2025-11-13T20:31:37.000Z"
    },
    {
      "shortPath": "l2/agentEndpointLayer1Context.defs.ts",
      "versionRef": "41af175a32161c92b59854b1fa5f21afe6a5e0a5",
      "Length": 100,
      "update_at": "2025-11-13T20:31:37.000Z"
    },
    {
      "shortPath": "l2/agentEndpointLayer1Context.html",
      "versionRef": "00c46c664973b61ad998de870e1601134e14cace",
      "Length": 6483,
      "update_at": "2025-11-13T20:31:37.000Z"
    },
    {
      "shortPath": "l2/agentEndpointLayer1Context.less",
      "versionRef": "9d75fa234738e8b6e06942bff0349605ea9f63f3",
      "Length": 174,
      "update_at": "2025-11-13T20:31:37.000Z"
    },
    {
      "shortPath": "l2/agentEndpointLayer1Context.test.ts",
      "versionRef": "84abbfa38cabbafcf12bb14ddb31ec8b70f22b55",
      "Length": 268,
      "update_at": "2025-11-13T20:31:37.000Z"
    },
    {
      "shortPath": "l2/agentEndpointLayer1Context.ts",
      "versionRef": "b128ec28dfe7dc7b3703942fca815e272aa32445",
      "Length": 3939,
      "update_at": "2025-11-13T20:31:37.000Z"
    },
    {
      "shortPath": "l2/agentEndpointLayer1localDB.defs.ts",
      "versionRef": "98d0e9fc445c30fedb773b5e1127cf8d3e7271e7",
      "Length": 100,
      "update_at": "2025-11-13T20:31:37.000Z"
    },
    {
      "shortPath": "l2/agentEndpointLayer1localDB.html",
      "versionRef": "bae885541c7c94998a38fe4d55f8c17e8a096452",
      "Length": 8587,
      "update_at": "2025-11-13T20:31:37.000Z"
    },
    {
      "shortPath": "l2/agentEndpointLayer1localDB.less",
      "versionRef": "4e3000ff2289ffb2b041941bc6a5797c3a6e3edf",
      "Length": 175,
      "update_at": "2025-11-13T20:31:37.000Z"
    },
    {
      "shortPath": "l2/agentEndpointLayer1localDB.test.ts",
      "versionRef": "d343a16f662bd95f84383c84ccf3215560196c4c",
      "Length": 268,
      "update_at": "2025-11-13T20:31:37.000Z"
    },
    {
      "shortPath": "l2/agentEndpointLayer1localDB.ts",
      "versionRef": "82a89cdadba325c43b08d1fcc6125f333d27c683",
      "Length": 3983,
      "update_at": "2025-11-13T20:31:37.000Z"
    },
    {
      "shortPath": "l2/agentEndpointLayer2Controller.defs.ts",
      "versionRef": "27f5d217623ee0ef1aad9bfb13b83bbf40f16211",
      "Length": 103,
      "update_at": "2025-11-13T20:31:37.000Z"
    },
    {
      "shortPath": "l2/agentEndpointLayer2Controller.html",
      "versionRef": "a18ad44d2a3c939a7bc64704c7ca5f7ed8bae578",
      "Length": 5589,
      "update_at": "2025-11-13T20:31:37.000Z"
    },
    {
      "shortPath": "l2/agentEndpointLayer2Controller.less",
      "versionRef": "ff9b424d87f10ba44bffe19f317aa311ecb7d922",
      "Length": 180,
      "update_at": "2025-11-13T20:31:37.000Z"
    },
    {
      "shortPath": "l2/agentEndpointLayer2Controller.test.ts",
      "versionRef": "c355a03e5e2dd9974b106a59e5595ee94d76a23b",
      "Length": 271,
      "update_at": "2025-11-13T20:31:37.000Z"
    },
    {
      "shortPath": "l2/agentEndpointLayer2Controller.ts",
      "versionRef": "0ba7407216f8f2d25f6a3c64781918879f5fdef7",
      "Length": 4004,
      "update_at": "2025-11-13T20:31:37.000Z"
    },
    {
      "shortPath": "l2/agentEndpointLayer2Routes.defs.ts",
      "versionRef": "513e8360c02a3eb0d804daaedd742648b85d60dd",
      "Length": 99,
      "update_at": "2025-11-13T20:31:37.000Z"
    },
    {
      "shortPath": "l2/agentEndpointLayer2Routes.html",
      "versionRef": "9098e88a893de1c6b852306ea93c9a0ee89dd15a",
      "Length": 7432,
      "update_at": "2025-11-13T20:31:37.000Z"
    },
    {
      "shortPath": "l2/agentEndpointLayer2Routes.less",
      "versionRef": "8d0409a01249aefe1d17b91989b6d607e07a59ec",
      "Length": 172,
      "update_at": "2025-11-13T20:31:37.000Z"
    },
    {
      "shortPath": "l2/agentEndpointLayer2Routes.test.ts",
      "versionRef": "a78cbd012945517f528a8fec1460d348c0a948b9",
      "Length": 267,
      "update_at": "2025-11-13T20:31:37.000Z"
    },
    {
      "shortPath": "l2/agentEndpointLayer2Routes.ts",
      "versionRef": "73bbeed3927956c98214a4b26074ac1f17e2dcd3",
      "Length": 3947,
      "update_at": "2025-11-13T20:31:37.000Z"
    },
    {
      "shortPath": "l2/agentEndpointLayer3UseCase.defs.ts",
      "versionRef": "335aa29b0d45cb54c61c9ec9c1d0d1b873b32c59",
      "Length": 100,
      "update_at": "2025-11-13T20:31:37.000Z"
    },
    {
      "shortPath": "l2/agentEndpointLayer3UseCase.html",
      "versionRef": "ad3c356d81cf69c61ae8c2e5de7f5a74629289ff",
      "Length": 3998,
      "update_at": "2025-11-13T20:31:37.000Z"
    },
    {
      "shortPath": "l2/agentEndpointLayer3UseCase.less",
      "versionRef": "707443c9bc23a05855341d1146d5c76b6a31c36a",
      "Length": 175,
      "update_at": "2025-11-13T20:31:37.000Z"
    },
    {
      "shortPath": "l2/agentEndpointLayer3UseCase.test.ts",
      "versionRef": "48a415d50daa5718591f0e212603c00f4830268f",
      "Length": 268,
      "update_at": "2025-11-13T20:31:37.000Z"
    },
    {
      "shortPath": "l2/agentEndpointLayer3UseCase.ts",
      "versionRef": "c0669ea2f83b0ef824e3cbe2cedccdecb1843c8d",
      "Length": 3978,
      "update_at": "2025-11-13T20:31:37.000Z"
    },
    {
      "shortPath": "l2/agentEndpointLayer4Entity.defs.ts",
      "versionRef": "a6a1487f2a9ab9ef6c10d8b695e5665ac77ca5b0",
      "Length": 99,
      "update_at": "2025-11-13T20:31:37.000Z"
    },
    {
      "shortPath": "l2/agentEndpointLayer4Entity.html",
      "versionRef": "348b6507b81dde22affe65164255d715e0c0c2d1",
      "Length": 3096,
      "update_at": "2025-11-13T20:31:37.000Z"
    },
    {
      "shortPath": "l2/agentEndpointLayer4Entity.less",
      "versionRef": "26a5aa60f153ef39664b4439f7a5d2edaff10019",
      "Length": 172,
      "update_at": "2025-11-13T20:31:37.000Z"
    },
    {
      "shortPath": "l2/agentEndpointLayer4Entity.test.ts",
      "versionRef": "c471090d24cfef06ffe15d52592f2c18b6815bc9",
      "Length": 267,
      "update_at": "2025-11-13T20:31:37.000Z"
    },
    {
      "shortPath": "l2/agentEndpointLayer4Entity.ts",
      "versionRef": "47831812f329554832f4d9c1d9f49f68b2cecd7f",
      "Length": 3970,
      "update_at": "2025-11-13T20:31:37.000Z"
    },
    {
      "shortPath": "l2/agentEndpointLayer4EntityBase.defs.ts",
      "versionRef": "275e2afb088ddfe500944233d0b84232f96abf6b",
      "Length": 103,
      "update_at": "2025-11-13T20:31:37.000Z"
    },
    {
      "shortPath": "l2/agentEndpointLayer4EntityBase.html",
      "versionRef": "5b025a1b3ece967e0e5ca8ee4472fc62301d5ecd",
      "Length": 3848,
      "update_at": "2025-11-13T20:31:37.000Z"
    },
    {
      "shortPath": "l2/agentEndpointLayer4EntityBase.less",
      "versionRef": "ddc34164eadcd16afa9caa6e27164b5b2f7c9b36",
      "Length": 181,
      "update_at": "2025-11-13T20:31:37.000Z"
    },
    {
      "shortPath": "l2/agentEndpointLayer4EntityBase.test.ts",
      "versionRef": "a48b6b245511a09a847e3ecfa22f401fdcd1767f",
      "Length": 271,
      "update_at": "2025-11-13T20:31:37.000Z"
    },
    {
      "shortPath": "l2/agentEndpointLayer4EntityBase.ts",
      "versionRef": "cc725749f618635a56f44c0106dd1800d52e2442",
      "Length": 4007,
      "update_at": "2025-11-13T20:31:37.000Z"
    },
    {
      "shortPath": "l2/buildServer.defs.ts",
      "versionRef": "2fa4f7e4d8cce6e00ac34a52ac75cd8635cdf05f",
      "Length": 85,
      "update_at": "2025-11-07T19:23:29.000Z"
    },
    {
      "shortPath": "l2/buildServer.html",
      "versionRef": "d1e92a140f51c92d7c07265cdfb29c95a0f2f042",
      "Length": 20,
      "update_at": "2025-11-07T19:23:29.000Z"
    },
    {
      "shortPath": "l2/buildServer.less",
      "versionRef": "20a428cbf59b6a943edeb0edf4500794b82f52a2",
      "Length": 142,
      "update_at": "2025-11-07T19:23:29.000Z"
    },
    {
      "shortPath": "l2/buildServer.test.ts",
      "versionRef": "a53e449c0c9b5779c202fb0af0f43d571ab7112f",
      "Length": 253,
      "update_at": "2025-11-07T19:23:29.000Z"
    },
    {
      "shortPath": "l2/buildServer.ts",
      "versionRef": "b350656c6c20c0066c570b750d06cc55d6c031cb",
      "Length": 7697,
      "update_at": "2025-11-12T12:47:31.000Z"
    },
    {
      "shortPath": "l2/designSystem.defs.ts",
      "versionRef": "36b8091fe923137d60c9bd5f330122409bd841be",
      "Length": 86,
      "update_at": "2025-11-06T17:45:22.000Z"
    },
    {
      "shortPath": "l2/designSystem.html",
      "versionRef": "407e94c1cf19a0a3117d9d391bd2a1dcb58b4471",
      "Length": 21,
      "update_at": "2025-11-06T17:45:22.000Z"
    },
    {
      "shortPath": "l2/designSystem.less",
      "versionRef": "aab9f05dbd555e18402336d45c47d248b2827706",
      "Length": 144,
      "update_at": "2025-11-06T17:45:22.000Z"
    },
    {
      "shortPath": "l2/designSystem.test.ts",
      "versionRef": "759671b45f56d5c54cb486cf9e97335bec528460",
      "Length": 254,
      "update_at": "2025-11-06T17:45:22.000Z"
    },
    {
      "shortPath": "l2/designSystem.ts",
      "versionRef": "6eaccbb593d1768c75d776f7152655b1f0a5d91d",
      "Length": 16178,
      "update_at": "2025-11-06T17:45:22.000Z"
    },
    {
      "shortPath": "l2/example/module.defs.ts",
      "versionRef": "e631b20d9fcf925913fd716f9b09507a824d66f4",
      "Length": 87,
      "update_at": "2025-11-12T12:47:31.000Z"
    },
    {
      "shortPath": "l2/example/module.html",
      "versionRef": "6e54754ae6e62592cfb1ba96840c597443af8605",
      "Length": 15,
      "update_at": "2025-11-12T12:47:31.000Z"
    },
    {
      "shortPath": "l2/example/module.less",
      "versionRef": "b351608516bee29621ee2c06597375f5ebee22ca",
      "Length": 147,
      "update_at": "2025-11-12T12:47:31.000Z"
    },
    {
      "shortPath": "l2/example/module.test.ts",
      "versionRef": "56275c23ab71a6816087c8f5c0739666405b48b6",
      "Length": 255,
      "update_at": "2025-11-12T12:47:31.000Z"
    },
    {
      "shortPath": "l2/example/module.ts",
      "versionRef": "87726844f800be2860620dd5f54ba27ad3f7caef",
      "Length": 168,
      "update_at": "2025-11-12T12:47:31.000Z"
    },
    {
      "shortPath": "l2/liveServer.defs.ts",
      "versionRef": "112900e5e014fecb3645d7e8fb62c520fdeebb30",
      "Length": 84,
      "update_at": "2025-11-07T19:23:29.000Z"
    },
    {
      "shortPath": "l2/liveServer.html",
      "versionRef": "5f44fca83e64e6a25587490278feccdf0833b9a1",
      "Length": 41,
      "update_at": "2025-11-07T19:23:29.000Z"
    },
    {
      "shortPath": "l2/liveServer.less",
      "versionRef": "3654d416ea598c82870ab2a747501747c1cd4536",
      "Length": 5910,
      "update_at": "2025-11-07T19:23:29.000Z"
    },
    {
      "shortPath": "l2/liveServer.test.ts",
      "versionRef": "e7574f1c6e62979e96e75149474473363ff3ec3d",
      "Length": 252,
      "update_at": "2025-11-07T19:23:29.000Z"
    },
    {
      "shortPath": "l2/liveServer.ts",
      "versionRef": "c83e0124de37da35be9cf56bcfbb21c92500a746",
      "Length": 7715,
      "update_at": "2025-11-10T19:37:47.000Z"
    },
    {
      "shortPath": "l2/project.defs.ts",
      "versionRef": "e04415e8d96e1dc1d996fa07a31effe033e81d24",
      "Length": 81,
      "update_at": "2025-11-06T17:45:22.000Z"
    },
    {
      "shortPath": "l2/project.html",
      "versionRef": "88a90cf32ef33346febb29387541246b1be9a2e0",
      "Length": 16,
      "update_at": "2025-11-06T17:45:22.000Z"
    },
    {
      "shortPath": "l2/project.less",
      "versionRef": "f2bc0f7fd34cb99d26cc65f4cc55b362c1f97370",
      "Length": 130,
      "update_at": "2025-11-06T17:45:22.000Z"
    },
    {
      "shortPath": "l2/project.test.ts",
      "versionRef": "ecd4b1233b0840de7251310aaa433181b330fc7d",
      "Length": 249,
      "update_at": "2025-11-06T17:45:22.000Z"
    },
    {
      "shortPath": "l2/project.ts",
      "versionRef": "8f1ac065cbc520b3d970de88cc45e3eda7f02eb0",
      "Length": 1400,
      "update_at": "2025-11-06T18:11:18.000Z"
    },
    {
      "shortPath": "l2/start.defs.ts",
      "versionRef": "f6b59ea880a081736d24cf069199908f29b138e6",
      "Length": 79,
      "update_at": "2025-11-07T19:23:29.000Z"
    },
    {
      "shortPath": "l2/start.html",
      "versionRef": "df55f07ba1524decf5e7f0d4625b01ba5cd62b21",
      "Length": 14,
      "update_at": "2025-11-07T19:23:29.000Z"
    },
    {
      "shortPath": "l2/start.less",
      "versionRef": "ca6e377a3dbc618de81fb35655c9a772d4a41da5",
      "Length": 129,
      "update_at": "2025-11-07T19:23:29.000Z"
    },
    {
      "shortPath": "l2/start.test.ts",
      "versionRef": "7351245b4668c42b63038fd0e47891789129535f",
      "Length": 247,
      "update_at": "2025-11-07T19:23:29.000Z"
    },
    {
      "shortPath": "l2/start.ts",
      "versionRef": "88602bb334cfdc6a49a41e4a1626b70e5b64fd60",
      "Length": 7419,
      "update_at": "2025-11-11T18:24:34.000Z"
    },
    {
      "shortPath": "l5/project.json",
      "versionRef": "dd83bc42f62f3501e7ace249f2769b1dc75a71c1",
      "Length": 375,
      "update_at": "2025-11-06T17:45:22.000Z"
    },
    {
      "shortPath": "l0/package.json",
      "versionRef": "8d49e4d3bab3cc13dbc4ae1580fe2c1516123490",
      "Length": 470,
      "update_at": "2025-11-06T17:44:38.000Z"
    },
    {
      "shortPath": "l0/tsconfig.json",
      "versionRef": "6a95f6e8d8e3042af5f58de9c691a455a7221647",
      "Length": 1191,
      "update_at": "2025-11-06T17:44:39.000Z"
    }
  ]
}