{
  "lastModified": "2025-11-11T19:28:56.730Z",
  "files": [
    {
      "shortPath": "l0/README.md",
      "versionRef": "7a10214492b4407003b0d126f74e97641bc5c639",
      "Length": 1774,
      "update_at": "2025-11-06T17:46:29.000Z"
    },
    {
      "shortPath": "l1/common/local.ts",
      "versionRef": "6d6df197e26a8803ba38fb06346e5b18ac8cd469",
      "Length": 242,
      "update_at": "2025-11-06T18:11:18.000Z"
    },
    {
      "shortPath": "l1/global.ts",
      "versionRef": "366c1d9ba87c408cbb32d3c094c02e856da20922",
      "Length": 1115,
      "update_at": "2025-11-06T18:11:18.000Z"
    },
    {
      "shortPath": "l1/layer_1_external/context.defs.ts",
      "versionRef": "6bb6a49e3b8897c36ad22734a76e1110a3fa8070",
      "Length": 97,
      "update_at": "2025-11-07T19:23:29.000Z"
    },
    {
      "shortPath": "l1/layer_1_external/context.ts",
      "versionRef": "4e375f11d540273f8840fb86e3cd57de999ab49c",
      "Length": 532,
      "update_at": "2025-11-06T18:11:18.000Z"
    },
    {
      "shortPath": "l1/layer_1_external/index.ts",
      "versionRef": "69f3722be628cdeaf893f213ce32c2e767dc80a6",
      "Length": 476,
      "update_at": "2025-11-06T18:11:18.000Z"
    },
    {
      "shortPath": "l1/layer_1_external/indexedDB/indexedDB.ts",
      "versionRef": "776ac555c782e1fcfc01e94e3b33d82a1a6e4607",
      "Length": 1283,
      "update_at": "2025-11-06T18:11:18.000Z"
    },
    {
      "shortPath": "l1/layer_1_external/indexedDB/user.ts",
      "versionRef": "1b5748a94df70425fa5a6bcc5356ef65dac742fe",
      "Length": 2730,
      "update_at": "2025-11-06T18:11:18.000Z"
    },
    {
      "shortPath": "l1/layer_2_controllers/addUser.ts",
      "versionRef": "e70bf5ea0b31ae2447e4fb60b65883c05fd169ed",
      "Length": 917,
      "update_at": "2025-11-06T18:11:18.000Z"
    },
    {
      "shortPath": "l1/layer_2_controllers/deleteUser.ts",
      "versionRef": "043c33559f6f95d1a917d278c82a6e3bfa80e403",
      "Length": 868,
      "update_at": "2025-11-06T18:11:18.000Z"
    },
    {
      "shortPath": "l1/layer_2_controllers/getListUser.ts",
      "versionRef": "55faf9c5b5fa15a7b5121152ed0ffea675e3ba43",
      "Length": 776,
      "update_at": "2025-11-06T18:11:18.000Z"
    },
    {
      "shortPath": "l1/layer_2_controllers/routes.ts",
      "versionRef": "951612b81c508ee1398c900a7fc90867f64814a5",
      "Length": 1210,
      "update_at": "2025-11-06T18:11:18.000Z"
    },
    {
      "shortPath": "l1/layer_2_controllers/updateUser.ts",
      "versionRef": "e586f34f64b2192beeb59968f573bfb81f5581d6",
      "Length": 925,
      "update_at": "2025-11-06T18:11:18.000Z"
    },
    {
      "shortPath": "l1/layer_3_use_cases/addUser.ts",
      "versionRef": "947ebac16f49550118f339fc5b8b948a61c1df28",
      "Length": 362,
      "update_at": "2025-11-06T18:11:18.000Z"
    },
    {
      "shortPath": "l1/layer_3_use_cases/deleteUser.ts",
      "versionRef": "4b2142e813f08a40126dd35dcdd992dafbb0e506",
      "Length": 308,
      "update_at": "2025-11-06T18:11:18.000Z"
    },
    {
      "shortPath": "l1/layer_3_use_cases/getListUser.ts",
      "versionRef": "4e1c8e1f44d6a016a78e3b180178ef331ec19438",
      "Length": 351,
      "update_at": "2025-11-06T18:11:18.000Z"
    },
    {
      "shortPath": "l1/layer_3_use_cases/updateUser.ts",
      "versionRef": "383ff0d7ae14bbea89840e108a67dac44c6caa91",
      "Length": 371,
      "update_at": "2025-11-06T18:11:18.000Z"
    },
    {
      "shortPath": "l1/layer_4_entities/user.ts",
      "versionRef": "51168195bdfec364ff47f09bbc5102ce345a5b96",
      "Length": 297,
      "update_at": "2025-11-06T18:11:18.000Z"
    },
    {
      "shortPath": "l1/layer_4_entities/userBase.ts",
      "versionRef": "bd1a0a0145ca88187a30d63b3727c24d7eaa3341",
      "Length": 405,
      "update_at": "2025-11-06T18:11:18.000Z"
    },
    {
      "shortPath": "l2/buildServer.defs.ts",
      "versionRef": "2fa4f7e4d8cce6e00ac34a52ac75cd8635cdf05f",
      "Length": 85,
      "update_at": "2025-11-07T19:23:29.000Z"
    },
    {
      "shortPath": "l2/buildServer.html",
      "versionRef": "d1e92a140f51c92d7c07265cdfb29c95a0f2f042",
      "Length": 20,
      "update_at": "2025-11-07T19:23:29.000Z"
    },
    {
      "shortPath": "l2/buildServer.less",
      "versionRef": "20a428cbf59b6a943edeb0edf4500794b82f52a2",
      "Length": 142,
      "update_at": "2025-11-07T19:23:29.000Z"
    },
    {
      "shortPath": "l2/buildServer.test.ts",
      "versionRef": "a53e449c0c9b5779c202fb0af0f43d571ab7112f",
      "Length": 253,
      "update_at": "2025-11-07T19:23:29.000Z"
    },
    {
      "shortPath": "l2/buildServer.ts",
      "versionRef": "e663df79e48e06c7a3c4ea4e138626dbd5139c9c",
      "Length": 7639,
      "update_at": "2025-11-11T19:28:24.000Z"
    },
    {
      "shortPath": "l2/designSystem.defs.ts",
      "versionRef": "36b8091fe923137d60c9bd5f330122409bd841be",
      "Length": 86,
      "update_at": "2025-11-06T17:45:22.000Z"
    },
    {
      "shortPath": "l2/designSystem.html",
      "versionRef": "407e94c1cf19a0a3117d9d391bd2a1dcb58b4471",
      "Length": 21,
      "update_at": "2025-11-06T17:45:22.000Z"
    },
    {
      "shortPath": "l2/designSystem.less",
      "versionRef": "aab9f05dbd555e18402336d45c47d248b2827706",
      "Length": 144,
      "update_at": "2025-11-06T17:45:22.000Z"
    },
    {
      "shortPath": "l2/designSystem.test.ts",
      "versionRef": "759671b45f56d5c54cb486cf9e97335bec528460",
      "Length": 254,
      "update_at": "2025-11-06T17:45:22.000Z"
    },
    {
      "shortPath": "l2/designSystem.ts",
      "versionRef": "6eaccbb593d1768c75d776f7152655b1f0a5d91d",
      "Length": 16178,
      "update_at": "2025-11-06T17:45:22.000Z"
    },
    {
      "shortPath": "l2/liveServer.defs.ts",
      "versionRef": "112900e5e014fecb3645d7e8fb62c520fdeebb30",
      "Length": 84,
      "update_at": "2025-11-07T19:23:29.000Z"
    },
    {
      "shortPath": "l2/liveServer.html",
      "versionRef": "5f44fca83e64e6a25587490278feccdf0833b9a1",
      "Length": 41,
      "update_at": "2025-11-07T19:23:29.000Z"
    },
    {
      "shortPath": "l2/liveServer.less",
      "versionRef": "3654d416ea598c82870ab2a747501747c1cd4536",
      "Length": 5910,
      "update_at": "2025-11-07T19:23:29.000Z"
    },
    {
      "shortPath": "l2/liveServer.test.ts",
      "versionRef": "e7574f1c6e62979e96e75149474473363ff3ec3d",
      "Length": 252,
      "update_at": "2025-11-07T19:23:29.000Z"
    },
    {
      "shortPath": "l2/liveServer.ts",
      "versionRef": "c83e0124de37da35be9cf56bcfbb21c92500a746",
      "Length": 7715,
      "update_at": "2025-11-10T19:37:47.000Z"
    },
    {
      "shortPath": "l2/project.defs.ts",
      "versionRef": "e04415e8d96e1dc1d996fa07a31effe033e81d24",
      "Length": 81,
      "update_at": "2025-11-06T17:45:22.000Z"
    },
    {
      "shortPath": "l2/project.html",
      "versionRef": "88a90cf32ef33346febb29387541246b1be9a2e0",
      "Length": 16,
      "update_at": "2025-11-06T17:45:22.000Z"
    },
    {
      "shortPath": "l2/project.less",
      "versionRef": "f2bc0f7fd34cb99d26cc65f4cc55b362c1f97370",
      "Length": 130,
      "update_at": "2025-11-06T17:45:22.000Z"
    },
    {
      "shortPath": "l2/project.test.ts",
      "versionRef": "ecd4b1233b0840de7251310aaa433181b330fc7d",
      "Length": 249,
      "update_at": "2025-11-06T17:45:22.000Z"
    },
    {
      "shortPath": "l2/project.ts",
      "versionRef": "8f1ac065cbc520b3d970de88cc45e3eda7f02eb0",
      "Length": 1400,
      "update_at": "2025-11-06T18:11:18.000Z"
    },
    {
      "shortPath": "l2/start.defs.ts",
      "versionRef": "f6b59ea880a081736d24cf069199908f29b138e6",
      "Length": 79,
      "update_at": "2025-11-07T19:23:29.000Z"
    },
    {
      "shortPath": "l2/start.html",
      "versionRef": "df55f07ba1524decf5e7f0d4625b01ba5cd62b21",
      "Length": 14,
      "update_at": "2025-11-07T19:23:29.000Z"
    },
    {
      "shortPath": "l2/start.less",
      "versionRef": "ca6e377a3dbc618de81fb35655c9a772d4a41da5",
      "Length": 129,
      "update_at": "2025-11-07T19:23:29.000Z"
    },
    {
      "shortPath": "l2/start.test.ts",
      "versionRef": "7351245b4668c42b63038fd0e47891789129535f",
      "Length": 247,
      "update_at": "2025-11-07T19:23:29.000Z"
    },
    {
      "shortPath": "l2/start.ts",
      "versionRef": "88602bb334cfdc6a49a41e4a1626b70e5b64fd60",
      "Length": 7419,
      "update_at": "2025-11-11T18:24:34.000Z"
    },
    {
      "shortPath": "l5/project.json",
      "versionRef": "dd83bc42f62f3501e7ace249f2769b1dc75a71c1",
      "Length": 375,
      "update_at": "2025-11-06T17:45:22.000Z"
    },
    {
      "shortPath": "l0/package.json",
      "versionRef": "8d49e4d3bab3cc13dbc4ae1580fe2c1516123490",
      "Length": 470,
      "update_at": "2025-11-06T17:44:38.000Z"
    },
    {
      "shortPath": "l0/tsconfig.json",
      "versionRef": "6a95f6e8d8e3042af5f58de9c691a455a7221647",
      "Length": 1191,
      "update_at": "2025-11-06T17:44:39.000Z"
    }
  ]
}