{
  "lastModified": "2025-12-09T17:48:36.718Z",
  "files": [
    {
      "shortPath": "l0/README.md",
      "versionRef": "ed74099fcd216f97bf6b21acea93ee21b229595d",
      "Length": 1775,
      "update_at": "2025-11-14T12:07:00.000Z"
    },
    {
      "shortPath": "l1/common/local.ts",
      "versionRef": "d3acb7bcc0171c01c769fc85f4e4e66ce7936005",
      "Length": 450,
      "update_at": "2025-12-01T13:06:07.000Z"
    },
    {
      "shortPath": "l1/global.ts",
      "versionRef": "07d39d87c44e3347339838921c92be2af50976bb",
      "Length": 1232,
      "update_at": "2025-12-01T13:06:09.000Z"
    },
    {
      "shortPath": "l1/layer_1_external/context.defs.ts",
      "versionRef": "6bb6a49e3b8897c36ad22734a76e1110a3fa8070",
      "Length": 97,
      "update_at": "2025-11-07T19:23:29.000Z"
    },
    {
      "shortPath": "l1/layer_1_external/context.ts",
      "versionRef": "54844d08dae97add42af3e32e9f583656cc288b1",
      "Length": 779,
      "update_at": "2025-12-01T13:06:10.000Z"
    },
    {
      "shortPath": "l1/layer_1_external/dynamoDB/user.ts",
      "versionRef": "ae8e4e462e07f7e252eee41b8683f4e174d556e7",
      "Length": 2822,
      "update_at": "2025-12-01T13:06:23.000Z"
    },
    {
      "shortPath": "l1/layer_1_external/index.ts",
      "versionRef": "036ff4557901715d30ec8974e8a00930ec624920",
      "Length": 533,
      "update_at": "2025-12-01T13:06:11.000Z"
    },
    {
      "shortPath": "l1/layer_1_external/localDB/audit.ts",
      "versionRef": "1d2ff2c052375bda98936529024173c208c78af1",
      "Length": 1736,
      "update_at": "2025-12-01T13:06:24.000Z"
    },
    {
      "shortPath": "l1/layer_1_external/localDB/user.ts",
      "versionRef": "beae23fe0d6b57acb65d1d665cb7cb5f5ec9155d",
      "Length": 2549,
      "update_at": "2025-12-01T13:06:12.000Z"
    },
    {
      "shortPath": "l1/layer_2_controllers/addUser.ts",
      "versionRef": "e70bf5ea0b31ae2447e4fb60b65883c05fd169ed",
      "Length": 917,
      "update_at": "2025-11-06T18:11:18.000Z"
    },
    {
      "shortPath": "l1/layer_2_controllers/delUser.ts",
      "versionRef": "fc9a41ab2e219fc85c9ec4116c7cfe126708e9d1",
      "Length": 859,
      "update_at": "2025-11-12T14:05:27.000Z"
    },
    {
      "shortPath": "l1/layer_2_controllers/listAudit.ts",
      "versionRef": "295beac9a94962f679ecfd2f244ee772fbaf3c01",
      "Length": 740,
      "update_at": "2025-12-01T13:06:25.000Z"
    },
    {
      "shortPath": "l1/layer_2_controllers/listUser.ts",
      "versionRef": "f4076736be4ea446d0bb04d1cf9690a75c42388c",
      "Length": 836,
      "update_at": "2025-12-01T13:06:14.000Z"
    },
    {
      "shortPath": "l1/layer_2_controllers/routes.defs.ts",
      "versionRef": "7772333d47c46b5e4f2d18a17363e183c7e6d2d5",
      "Length": 850,
      "update_at": "2025-11-13T20:31:37.000Z"
    },
    {
      "shortPath": "l1/layer_2_controllers/routes.ts",
      "versionRef": "6c5c22db0448d0540dc93048df9f3980ae5079e3",
      "Length": 1294,
      "update_at": "2025-12-01T13:06:15.000Z"
    },
    {
      "shortPath": "l1/layer_2_controllers/uppUser.ts",
      "versionRef": "2534737e5ffda48f07c9868b5ba5ef0f4609cf52",
      "Length": 913,
      "update_at": "2025-11-12T14:05:27.000Z"
    },
    {
      "shortPath": "l1/layer_3_use_cases/addUser.ts",
      "versionRef": "a134b0a7a91ceb71bcad96a561e2d9470e29cb24",
      "Length": 879,
      "update_at": "2025-12-01T13:06:16.000Z"
    },
    {
      "shortPath": "l1/layer_3_use_cases/delUser.ts",
      "versionRef": "e1207397e0a9bc08754b382c039e2742a1753233",
      "Length": 712,
      "update_at": "2025-12-01T13:06:17.000Z"
    },
    {
      "shortPath": "l1/layer_3_use_cases/listAudit.ts",
      "versionRef": "58eacfaabe060f90c4ae2c5a88686c91212ebe85",
      "Length": 348,
      "update_at": "2025-12-01T13:06:26.000Z"
    },
    {
      "shortPath": "l1/layer_3_use_cases/listUser.ts",
      "versionRef": "3ec71add9c760bddf8dc092ab12271a2d11bd0fd",
      "Length": 621,
      "update_at": "2025-12-01T13:06:18.000Z"
    },
    {
      "shortPath": "l1/layer_3_use_cases/uppUser.ts",
      "versionRef": "aef82ec517b7f9fa81d39dc949da3e22617fe5bf",
      "Length": 1344,
      "update_at": "2025-12-01T13:06:20.000Z"
    },
    {
      "shortPath": "l1/layer_4_entities/audit.ts",
      "versionRef": "c88dc5f784d035111e62afca04c624008ad84872",
      "Length": 294,
      "update_at": "2025-12-01T13:06:27.000Z"
    },
    {
      "shortPath": "l1/layer_4_entities/auditBase.ts",
      "versionRef": "1a6060b5fe3355f31fdb81b743a5537894678976",
      "Length": 301,
      "update_at": "2025-12-01T13:06:26.000Z"
    },
    {
      "shortPath": "l1/layer_4_entities/user.ts",
      "versionRef": "2fa3c9065bcecf0b1a1ae36fbfb114fa5fa18ddb",
      "Length": 384,
      "update_at": "2025-12-01T13:06:21.000Z"
    },
    {
      "shortPath": "l1/layer_4_entities/userBase.ts",
      "versionRef": "4c9c88e4bdbb7fa178abaceaf4bc5f5d1a2319dc",
      "Length": 697,
      "update_at": "2025-12-01T13:06:22.000Z"
    },
    {
      "shortPath": "l1/wwwroot/serverRunTime.js",
      "versionRef": "579134b20c7d1f2a52221d74c1c6b56ec4ddd8f4",
      "Length": 5538,
      "update_at": "2025-12-01T13:06:28.000Z"
    },
    {
      "shortPath": "l2/agentEndpoint.defs.ts",
      "versionRef": "ac9293ab12a116cdd4648b26bba8edcd9067f856",
      "Length": 86,
      "update_at": "2025-12-04T19:47:28.000Z"
    },
    {
      "shortPath": "l2/agentEndpoint.html",
      "versionRef": "360deb03bf1b0b3177017e9fc34479688700cc88",
      "Length": 1499,
      "update_at": "2025-11-18T18:10:27.000Z"
    },
    {
      "shortPath": "l2/agentEndpoint.less",
      "versionRef": "7c0f50a9fbdd6864ee045c034a4394a0b5e3c56e",
      "Length": 146,
      "update_at": "2025-11-12T12:47:31.000Z"
    },
    {
      "shortPath": "l2/agentEndpoint.test.ts",
      "versionRef": "7857b7403deba72261b4c5c7d7774685452d9432",
      "Length": 261,
      "update_at": "2025-12-09T17:46:40.000Z"
    },
    {
      "shortPath": "l2/agentEndpoint.ts",
      "versionRef": "dfa32b3915ede4ad0384b1faab9b908bc846ae91",
      "Length": 4131,
      "update_at": "2025-12-05T17:42:47.000Z"
    },
    {
      "shortPath": "l2/agentEndpointCommonLocal.defs.ts",
      "versionRef": "51648d17550e97dba48a579296c512077f0d6356",
      "Length": 98,
      "update_at": "2025-11-13T20:31:37.000Z"
    },
    {
      "shortPath": "l2/agentEndpointCommonLocal.html",
      "versionRef": "ec29ecd74a9a9f210266a80efc47e6f7e36fddf9",
      "Length": 4904,
      "update_at": "2025-11-13T20:31:37.000Z"
    },
    {
      "shortPath": "l2/agentEndpointCommonLocal.less",
      "versionRef": "87496959c0b74c8a33c5753f43fa981071315272",
      "Length": 170,
      "update_at": "2025-11-13T20:31:37.000Z"
    },
    {
      "shortPath": "l2/agentEndpointCommonLocal.test.ts",
      "versionRef": "22e695106d6bc3032aceb9287aac0bfa12daf5a4",
      "Length": 272,
      "update_at": "2025-12-09T17:46:41.000Z"
    },
    {
      "shortPath": "l2/agentEndpointCommonLocal.ts",
      "versionRef": "a39b2ef9a624cfbab7a3baeaeed5b3b7e92c11b5",
      "Length": 4612,
      "update_at": "2025-12-05T17:42:48.000Z"
    },
    {
      "shortPath": "l2/agentEndpointGlobal.defs.ts",
      "versionRef": "872026852645b6bf1e697540c2a8f2c6c7916bad",
      "Length": 93,
      "update_at": "2025-11-19T17:26:54.000Z"
    },
    {
      "shortPath": "l2/agentEndpointGlobal.html",
      "versionRef": "4c2a5b57583e67b97acb21b7c041b39562cba3fa",
      "Length": 4056,
      "update_at": "2025-11-19T17:26:55.000Z"
    },
    {
      "shortPath": "l2/agentEndpointGlobal.less",
      "versionRef": "9d43bb8549df91b1ea12aa8acbc0995f913da399",
      "Length": 159,
      "update_at": "2025-11-19T17:26:55.000Z"
    },
    {
      "shortPath": "l2/agentEndpointGlobal.test.ts",
      "versionRef": "421322435e4b30cd6aec66861d142ee50efee887",
      "Length": 267,
      "update_at": "2025-12-09T17:46:43.000Z"
    },
    {
      "shortPath": "l2/agentEndpointGlobal.ts",
      "versionRef": "d8c0dbc4c6097cf2a06579a09ea628256e2b4873",
      "Length": 5316,
      "update_at": "2025-12-05T17:42:49.000Z"
    },
    {
      "shortPath": "l2/agentEndpointHelper.defs.ts",
      "versionRef": "dbe09373c309174dd47a97550a569c1d5c50b89c",
      "Length": 93,
      "update_at": "2025-11-13T20:31:37.000Z"
    },
    {
      "shortPath": "l2/agentEndpointHelper.html",
      "versionRef": "80fc0bbc299211ca171b849314530db1fa869788",
      "Length": 28,
      "update_at": "2025-11-13T20:31:37.000Z"
    },
    {
      "shortPath": "l2/agentEndpointHelper.less",
      "versionRef": "2e33705175b4c1cdf0222d7bcc301ccad7e7b7b3",
      "Length": 159,
      "update_at": "2025-11-13T20:31:37.000Z"
    },
    {
      "shortPath": "l2/agentEndpointHelper.test.ts",
      "versionRef": "3e6c3bc5bb662aec64fe9f098b57329331ec1019",
      "Length": 267,
      "update_at": "2025-12-09T17:46:44.000Z"
    },
    {
      "shortPath": "l2/agentEndpointHelper.ts",
      "versionRef": "707855a31825bac7c2f25044dbde399015628444",
      "Length": 1632,
      "update_at": "2025-12-05T17:42:50.000Z"
    },
    {
      "shortPath": "l2/agentEndpointLayer1Context.defs.ts",
      "versionRef": "41af175a32161c92b59854b1fa5f21afe6a5e0a5",
      "Length": 100,
      "update_at": "2025-11-13T20:31:37.000Z"
    },
    {
      "shortPath": "l2/agentEndpointLayer1Context.html",
      "versionRef": "63141fd17d28270db6b2f361084b186329d37e23",
      "Length": 6416,
      "update_at": "2025-11-19T17:26:50.000Z"
    },
    {
      "shortPath": "l2/agentEndpointLayer1Context.less",
      "versionRef": "9d75fa234738e8b6e06942bff0349605ea9f63f3",
      "Length": 174,
      "update_at": "2025-11-13T20:31:37.000Z"
    },
    {
      "shortPath": "l2/agentEndpointLayer1Context.test.ts",
      "versionRef": "7f0e0f4447116c3543915e9f4c8a88d662b5413a",
      "Length": 274,
      "update_at": "2025-12-09T17:46:45.000Z"
    },
    {
      "shortPath": "l2/agentEndpointLayer1Context.ts",
      "versionRef": "cc4dab4dab0692a461b3bcedebf150bb9c871c5e",
      "Length": 5356,
      "update_at": "2025-12-05T17:42:51.000Z"
    },
    {
      "shortPath": "l2/agentEndpointLayer1localDB.defs.ts",
      "versionRef": "98d0e9fc445c30fedb773b5e1127cf8d3e7271e7",
      "Length": 100,
      "update_at": "2025-11-13T20:31:37.000Z"
    },
    {
      "shortPath": "l2/agentEndpointLayer1localDB.html",
      "versionRef": "bae885541c7c94998a38fe4d55f8c17e8a096452",
      "Length": 8587,
      "update_at": "2025-11-13T20:31:37.000Z"
    },
    {
      "shortPath": "l2/agentEndpointLayer1localDB.less",
      "versionRef": "4e3000ff2289ffb2b041941bc6a5797c3a6e3edf",
      "Length": 175,
      "update_at": "2025-11-13T20:31:37.000Z"
    },
    {
      "shortPath": "l2/agentEndpointLayer1localDB.test.ts",
      "versionRef": "2cfe0145dc9e627d34653972c3709a6520a5509a",
      "Length": 274,
      "update_at": "2025-12-09T17:46:46.000Z"
    },
    {
      "shortPath": "l2/agentEndpointLayer1localDB.ts",
      "versionRef": "58d13ebac36781690e519de2c3a4e30e9b82794e",
      "Length": 5417,
      "update_at": "2025-12-05T17:42:52.000Z"
    },
    {
      "shortPath": "l2/agentEndpointLayer2Controller.defs.ts",
      "versionRef": "27f5d217623ee0ef1aad9bfb13b83bbf40f16211",
      "Length": 103,
      "update_at": "2025-11-13T20:31:37.000Z"
    },
    {
      "shortPath": "l2/agentEndpointLayer2Controller.html",
      "versionRef": "a18ad44d2a3c939a7bc64704c7ca5f7ed8bae578",
      "Length": 5589,
      "update_at": "2025-11-13T20:31:37.000Z"
    },
    {
      "shortPath": "l2/agentEndpointLayer2Controller.less",
      "versionRef": "ff9b424d87f10ba44bffe19f317aa311ecb7d922",
      "Length": 180,
      "update_at": "2025-11-13T20:31:37.000Z"
    },
    {
      "shortPath": "l2/agentEndpointLayer2Controller.test.ts",
      "versionRef": "1f5208eff9e21ced7dfbd2d0960dacad0d78aae5",
      "Length": 277,
      "update_at": "2025-12-09T17:46:47.000Z"
    },
    {
      "shortPath": "l2/agentEndpointLayer2Controller.ts",
      "versionRef": "407af0a471d2d44f6c66d13b7e48389c8fe990d0",
      "Length": 5438,
      "update_at": "2025-12-05T17:42:53.000Z"
    },
    {
      "shortPath": "l2/agentEndpointLayer2Routes.defs.ts",
      "versionRef": "513e8360c02a3eb0d804daaedd742648b85d60dd",
      "Length": 99,
      "update_at": "2025-11-13T20:31:37.000Z"
    },
    {
      "shortPath": "l2/agentEndpointLayer2Routes.html",
      "versionRef": "9098e88a893de1c6b852306ea93c9a0ee89dd15a",
      "Length": 7432,
      "update_at": "2025-11-13T20:31:37.000Z"
    },
    {
      "shortPath": "l2/agentEndpointLayer2Routes.less",
      "versionRef": "8d0409a01249aefe1d17b91989b6d607e07a59ec",
      "Length": 172,
      "update_at": "2025-11-13T20:31:37.000Z"
    },
    {
      "shortPath": "l2/agentEndpointLayer2Routes.test.ts",
      "versionRef": "afdcaec6336c861c1709775aefe7a9fcfc0d29e0",
      "Length": 273,
      "update_at": "2025-12-09T17:46:49.000Z"
    },
    {
      "shortPath": "l2/agentEndpointLayer2Routes.ts",
      "versionRef": "5bf9107ba31f123d0b31d5498f85d550c473ddb5",
      "Length": 5358,
      "update_at": "2025-12-05T17:42:54.000Z"
    },
    {
      "shortPath": "l2/agentEndpointLayer3UseCase.defs.ts",
      "versionRef": "335aa29b0d45cb54c61c9ec9c1d0d1b873b32c59",
      "Length": 100,
      "update_at": "2025-11-13T20:31:37.000Z"
    },
    {
      "shortPath": "l2/agentEndpointLayer3UseCase.html",
      "versionRef": "ad3c356d81cf69c61ae8c2e5de7f5a74629289ff",
      "Length": 3998,
      "update_at": "2025-11-13T20:31:37.000Z"
    },
    {
      "shortPath": "l2/agentEndpointLayer3UseCase.less",
      "versionRef": "707443c9bc23a05855341d1146d5c76b6a31c36a",
      "Length": 175,
      "update_at": "2025-11-13T20:31:37.000Z"
    },
    {
      "shortPath": "l2/agentEndpointLayer3UseCase.test.ts",
      "versionRef": "1913ed86f2922b752f586023b96a6c8b62299b44",
      "Length": 274,
      "update_at": "2025-12-09T17:46:50.000Z"
    },
    {
      "shortPath": "l2/agentEndpointLayer3UseCase.ts",
      "versionRef": "b7bd51700fc223b89b8baa0eb341ec66d4b6b6ee",
      "Length": 5415,
      "update_at": "2025-12-05T17:42:55.000Z"
    },
    {
      "shortPath": "l2/agentEndpointLayer4Entity.defs.ts",
      "versionRef": "a6a1487f2a9ab9ef6c10d8b695e5665ac77ca5b0",
      "Length": 99,
      "update_at": "2025-11-13T20:31:37.000Z"
    },
    {
      "shortPath": "l2/agentEndpointLayer4Entity.html",
      "versionRef": "1d3043f6eee396ad5b5970e27690c53204cae168",
      "Length": 3138,
      "update_at": "2025-11-18T18:10:37.000Z"
    },
    {
      "shortPath": "l2/agentEndpointLayer4Entity.less",
      "versionRef": "26a5aa60f153ef39664b4439f7a5d2edaff10019",
      "Length": 172,
      "update_at": "2025-11-13T20:31:37.000Z"
    },
    {
      "shortPath": "l2/agentEndpointLayer4Entity.test.ts",
      "versionRef": "f76bba5801dbc097443b056fee9c324cd1897475",
      "Length": 273,
      "update_at": "2025-12-09T17:46:51.000Z"
    },
    {
      "shortPath": "l2/agentEndpointLayer4Entity.ts",
      "versionRef": "ec3ab02277f88d2be78964a7353814ce832a854e",
      "Length": 5396,
      "update_at": "2025-12-05T17:42:56.000Z"
    },
    {
      "shortPath": "l2/agentEndpointLayer4EntityBase.defs.ts",
      "versionRef": "275e2afb088ddfe500944233d0b84232f96abf6b",
      "Length": 103,
      "update_at": "2025-11-13T20:31:37.000Z"
    },
    {
      "shortPath": "l2/agentEndpointLayer4EntityBase.html",
      "versionRef": "5b025a1b3ece967e0e5ca8ee4472fc62301d5ecd",
      "Length": 3848,
      "update_at": "2025-11-13T20:31:37.000Z"
    },
    {
      "shortPath": "l2/agentEndpointLayer4EntityBase.less",
      "versionRef": "ddc34164eadcd16afa9caa6e27164b5b2f7c9b36",
      "Length": 181,
      "update_at": "2025-11-13T20:31:37.000Z"
    },
    {
      "shortPath": "l2/agentEndpointLayer4EntityBase.test.ts",
      "versionRef": "9c6d94eb451819b4a8e8194b18f90be22b9bafaa",
      "Length": 277,
      "update_at": "2025-12-09T17:46:53.000Z"
    },
    {
      "shortPath": "l2/agentEndpointLayer4EntityBase.ts",
      "versionRef": "acc751351e02e6f2ef97ca9222727e5eaa811756",
      "Length": 5443,
      "update_at": "2025-12-05T17:42:57.000Z"
    },
    {
      "shortPath": "l2/aiIntegrationHub.defs.ts",
      "versionRef": "a36728b8af9368b575e2cf3a749b496870bb6139",
      "Length": 90,
      "update_at": "2025-11-18T18:10:40.000Z"
    },
    {
      "shortPath": "l2/aiIntegrationHub.html",
      "versionRef": "e48423fe1831632a072b7d63affda8798518772c",
      "Length": 25,
      "update_at": "2025-11-18T18:10:40.000Z"
    },
    {
      "shortPath": "l2/aiIntegrationHub.less",
      "versionRef": "79f57291853b594455c48fc461b015ab004e4290",
      "Length": 153,
      "update_at": "2025-11-18T18:10:41.000Z"
    },
    {
      "shortPath": "l2/aiIntegrationHub.test.ts",
      "versionRef": "f3abd11ea226673ecd3bc4b31e97f0e645b9d441",
      "Length": 264,
      "update_at": "2025-12-09T17:46:54.000Z"
    },
    {
      "shortPath": "l2/aiIntegrationHub.ts",
      "versionRef": "ddfb43b97a9c1145bfb0b9045e083c00e7ea9c90",
      "Length": 2096,
      "update_at": "2025-12-05T17:42:58.000Z"
    },
    {
      "shortPath": "l2/ateste.defs.ts",
      "versionRef": "d06a23e05502e9b4a4d16057af13d5c7acce7718",
      "Length": 80,
      "update_at": "2025-12-04T11:44:05.000Z"
    },
    {
      "shortPath": "l2/ateste.html",
      "versionRef": "c5b1ca7c7ec08a6805cb247e6ad2bc749d7dee27",
      "Length": 15,
      "update_at": "2025-12-04T11:44:06.000Z"
    },
    {
      "shortPath": "l2/ateste.less",
      "versionRef": "cfcc264bf7d142e1f018da0095b06ad10dcefb67",
      "Length": 131,
      "update_at": "2025-12-04T11:44:07.000Z"
    },
    {
      "shortPath": "l2/ateste.test.ts",
      "versionRef": "cd64c500346348b2614d64f11d942b52d764d51c",
      "Length": 254,
      "update_at": "2025-12-04T11:44:07.000Z"
    },
    {
      "shortPath": "l2/ateste.ts",
      "versionRef": "3240e0422a9ad33d1d97b73f74632fc5d1b6ac72",
      "Length": 120,
      "update_at": "2025-12-04T11:52:03.000Z"
    },
    {
      "shortPath": "l2/bteste.defs.ts",
      "versionRef": "4f6b665c1fabcbdb08d395120879e6a685889dac",
      "Length": 80,
      "update_at": "2025-12-04T11:44:09.000Z"
    },
    {
      "shortPath": "l2/bteste.html",
      "versionRef": "a0bd904b7b5cbaa14b9c2e5c180e243a85ee078c",
      "Length": 15,
      "update_at": "2025-12-04T11:44:09.000Z"
    },
    {
      "shortPath": "l2/bteste.less",
      "versionRef": "cc189c8592e582ccd2ba1902aa18d060210ccb3f",
      "Length": 131,
      "update_at": "2025-12-04T11:44:10.000Z"
    },
    {
      "shortPath": "l2/bteste.test.ts",
      "versionRef": "d47d9d31131c415bb5a1fe0c052570f6328c317f",
      "Length": 254,
      "update_at": "2025-12-04T11:44:11.000Z"
    },
    {
      "shortPath": "l2/bteste.ts",
      "versionRef": "6f6c1efc0ca41353edb7899e5a86c9a9e35d411e",
      "Length": 261,
      "update_at": "2025-12-05T17:42:59.000Z"
    },
    {
      "shortPath": "l2/buildServer.defs.ts",
      "versionRef": "2fa4f7e4d8cce6e00ac34a52ac75cd8635cdf05f",
      "Length": 85,
      "update_at": "2025-11-07T19:23:29.000Z"
    },
    {
      "shortPath": "l2/buildServer.html",
      "versionRef": "d1e92a140f51c92d7c07265cdfb29c95a0f2f042",
      "Length": 20,
      "update_at": "2025-11-07T19:23:29.000Z"
    },
    {
      "shortPath": "l2/buildServer.less",
      "versionRef": "20a428cbf59b6a943edeb0edf4500794b82f52a2",
      "Length": 142,
      "update_at": "2025-11-07T19:23:29.000Z"
    },
    {
      "shortPath": "l2/buildServer.test.ts",
      "versionRef": "e9463fff514aa49521cbc119a870ffa93b4dba91",
      "Length": 259,
      "update_at": "2025-12-09T17:46:57.000Z"
    },
    {
      "shortPath": "l2/buildServer.ts",
      "versionRef": "bdb743cb746adaabbd0d43adae4df6a19de9d70c",
      "Length": 7736,
      "update_at": "2025-12-05T17:43:01.000Z"
    },
    {
      "shortPath": "l2/designSystem.defs.ts",
      "versionRef": "36b8091fe923137d60c9bd5f330122409bd841be",
      "Length": 86,
      "update_at": "2025-11-06T17:45:22.000Z"
    },
    {
      "shortPath": "l2/designSystem.html",
      "versionRef": "407e94c1cf19a0a3117d9d391bd2a1dcb58b4471",
      "Length": 21,
      "update_at": "2025-11-06T17:45:22.000Z"
    },
    {
      "shortPath": "l2/designSystem.less",
      "versionRef": "aab9f05dbd555e18402336d45c47d248b2827706",
      "Length": 144,
      "update_at": "2025-11-06T17:45:22.000Z"
    },
    {
      "shortPath": "l2/designSystem.test.ts",
      "versionRef": "7c6d8e5da4ad2dd43ca84a4fbf28a57635a86e8c",
      "Length": 260,
      "update_at": "2025-12-09T17:46:59.000Z"
    },
    {
      "shortPath": "l2/designSystem.ts",
      "versionRef": "5b31526b00ebf6d7a99eeec68509740364bb69c7",
      "Length": 16184,
      "update_at": "2025-12-05T17:43:02.000Z"
    },
    {
      "shortPath": "l2/example/module.defs.ts",
      "versionRef": "e631b20d9fcf925913fd716f9b09507a824d66f4",
      "Length": 87,
      "update_at": "2025-11-12T12:47:31.000Z"
    },
    {
      "shortPath": "l2/example/module.html",
      "versionRef": "6e54754ae6e62592cfb1ba96840c597443af8605",
      "Length": 15,
      "update_at": "2025-11-12T12:47:31.000Z"
    },
    {
      "shortPath": "l2/example/module.less",
      "versionRef": "b351608516bee29621ee2c06597375f5ebee22ca",
      "Length": 147,
      "update_at": "2025-11-12T12:47:31.000Z"
    },
    {
      "shortPath": "l2/example/module.test.ts",
      "versionRef": "c1ad038a647f37d0bd2ec8051ddf4f4d6423cead",
      "Length": 261,
      "update_at": "2025-12-09T17:47:00.000Z"
    },
    {
      "shortPath": "l2/example/module.ts",
      "versionRef": "87726844f800be2860620dd5f54ba27ad3f7caef",
      "Length": 168,
      "update_at": "2025-11-12T12:47:31.000Z"
    },
    {
      "shortPath": "l2/liveServer.defs.ts",
      "versionRef": "112900e5e014fecb3645d7e8fb62c520fdeebb30",
      "Length": 84,
      "update_at": "2025-11-07T19:23:29.000Z"
    },
    {
      "shortPath": "l2/liveServer.html",
      "versionRef": "5f44fca83e64e6a25587490278feccdf0833b9a1",
      "Length": 41,
      "update_at": "2025-11-07T19:23:29.000Z"
    },
    {
      "shortPath": "l2/liveServer.less",
      "versionRef": "3654d416ea598c82870ab2a747501747c1cd4536",
      "Length": 5910,
      "update_at": "2025-11-07T19:23:29.000Z"
    },
    {
      "shortPath": "l2/liveServer.test.ts",
      "versionRef": "a5e9c8a3b2150a552adfe4d910df79896dbf2595",
      "Length": 258,
      "update_at": "2025-12-09T17:47:01.000Z"
    },
    {
      "shortPath": "l2/liveServer.ts",
      "versionRef": "6717b02f5b44c36ba73aa7272b733533307daed9",
      "Length": 7681,
      "update_at": "2025-12-05T17:43:03.000Z"
    },
    {
      "shortPath": "l2/project.defs.ts",
      "versionRef": "e04415e8d96e1dc1d996fa07a31effe033e81d24",
      "Length": 81,
      "update_at": "2025-11-06T17:45:22.000Z"
    },
    {
      "shortPath": "l2/project.html",
      "versionRef": "88a90cf32ef33346febb29387541246b1be9a2e0",
      "Length": 16,
      "update_at": "2025-11-06T17:45:22.000Z"
    },
    {
      "shortPath": "l2/project.less",
      "versionRef": "f2bc0f7fd34cb99d26cc65f4cc55b362c1f97370",
      "Length": 130,
      "update_at": "2025-11-06T17:45:22.000Z"
    },
    {
      "shortPath": "l2/project.test.ts",
      "versionRef": "a278986513262c27c4a9ee04bfb41cdf5646c472",
      "Length": 255,
      "update_at": "2025-12-09T17:47:02.000Z"
    },
    {
      "shortPath": "l2/project.ts",
      "versionRef": "a33bc6c71c205b5821be2808e667077d36d1d5ad",
      "Length": 1558,
      "update_at": "2025-12-01T13:06:30.000Z"
    },
    {
      "shortPath": "l2/start.defs.ts",
      "versionRef": "f6b59ea880a081736d24cf069199908f29b138e6",
      "Length": 79,
      "update_at": "2025-11-07T19:23:29.000Z"
    },
    {
      "shortPath": "l2/start.html",
      "versionRef": "df55f07ba1524decf5e7f0d4625b01ba5cd62b21",
      "Length": 14,
      "update_at": "2025-11-07T19:23:29.000Z"
    },
    {
      "shortPath": "l2/start.less",
      "versionRef": "ca6e377a3dbc618de81fb35655c9a772d4a41da5",
      "Length": 129,
      "update_at": "2025-11-07T19:23:29.000Z"
    },
    {
      "shortPath": "l2/start.test.ts",
      "versionRef": "46a91d8dd577a0e1890c5c6add816e6550f025a6",
      "Length": 253,
      "update_at": "2025-12-09T17:47:04.000Z"
    },
    {
      "shortPath": "l2/start.ts",
      "versionRef": "0aaa1cb41cfe4be031d473f9548b5a3861459013",
      "Length": 7431,
      "update_at": "2025-12-05T17:43:04.000Z"
    },
    {
      "shortPath": "l2/testUser.defs.ts",
      "versionRef": "d201119db8f48a4d9caaabad1cbb5caf92a10969",
      "Length": 82,
      "update_at": "2025-12-01T13:06:30.000Z"
    },
    {
      "shortPath": "l2/testUser.html",
      "versionRef": "4a78e4964fdf72747184ab93fa57af5a02adb3be",
      "Length": 37,
      "update_at": "2025-12-01T13:06:31.000Z"
    },
    {
      "shortPath": "l2/testUser.less",
      "versionRef": "f7785253f84ac9f95969ee60af12f5cde89e59fc",
      "Length": 961,
      "update_at": "2025-12-01T13:06:32.000Z"
    },
    {
      "shortPath": "l2/testUser.test.ts",
      "versionRef": "41486b022ecdb89f9b0c14bb7b3fba79f89036f5",
      "Length": 256,
      "update_at": "2025-12-09T17:47:05.000Z"
    },
    {
      "shortPath": "l2/testUser.ts",
      "versionRef": "3efe5be6152be6152b357a93367314646573b20d",
      "Length": 9441,
      "update_at": "2025-12-05T17:43:05.000Z"
    },
    {
      "shortPath": "l2/testeAgent.defs.ts",
      "versionRef": "776fb80c50c00eaa4f700a2346a93f22db04ff86",
      "Length": 84,
      "update_at": "2025-12-01T13:06:35.000Z"
    },
    {
      "shortPath": "l2/testeAgent.html",
      "versionRef": "8d79a99f4730c8215858c3426ac71eec3b2d75d8",
      "Length": 42,
      "update_at": "2025-12-01T13:06:35.000Z"
    },
    {
      "shortPath": "l2/testeAgent.less",
      "versionRef": "d3b402b4cfd2e3bd02aba0e971ef268e12b983d7",
      "Length": 140,
      "update_at": "2025-12-01T13:06:36.000Z"
    },
    {
      "shortPath": "l2/testeAgent.test.ts",
      "versionRef": "da7fdc5010106440207dcd1c7eea2bc16c6069e9",
      "Length": 258,
      "update_at": "2025-12-09T17:47:06.000Z"
    },
    {
      "shortPath": "l2/testeAgent.ts",
      "versionRef": "e8ec8103ea665140b5a70526054c6770e80da682",
      "Length": 1674,
      "update_at": "2025-12-05T17:43:06.000Z"
    },
    {
      "shortPath": "l5/project.json",
      "versionRef": "dd83bc42f62f3501e7ace249f2769b1dc75a71c1",
      "Length": 375,
      "update_at": "2025-11-06T17:45:22.000Z"
    },
    {
      "shortPath": "l0/package.json",
      "versionRef": "8d49e4d3bab3cc13dbc4ae1580fe2c1516123490",
      "Length": 470,
      "update_at": "2025-11-06T17:44:38.000Z"
    },
    {
      "shortPath": "l0/tsconfig.json",
      "versionRef": "f631a300b5933b05930cd9f4bcd1b72ee38178e4",
      "Length": 1042,
      "update_at": "2025-12-04T19:20:28.000Z"
    }
  ]
}