{
  "lastModified": "2025-11-12T14:05:56.090Z",
  "files": [
    {
      "shortPath": "l0/README.md",
      "versionRef": "7a10214492b4407003b0d126f74e97641bc5c639",
      "Length": 1774,
      "update_at": "2025-11-06T17:46:29.000Z"
    },
    {
      "shortPath": "l1/common/local.ts",
      "versionRef": "6d6df197e26a8803ba38fb06346e5b18ac8cd469",
      "Length": 242,
      "update_at": "2025-11-06T18:11:18.000Z"
    },
    {
      "shortPath": "l1/global.ts",
      "versionRef": "4f153b26068d277d08d539e0403a6955a836878f",
      "Length": 1101,
      "update_at": "2025-11-12T14:04:33.000Z"
    },
    {
      "shortPath": "l1/layer_1_external/context.defs.ts",
      "versionRef": "6bb6a49e3b8897c36ad22734a76e1110a3fa8070",
      "Length": 97,
      "update_at": "2025-11-07T19:23:29.000Z"
    },
    {
      "shortPath": "l1/layer_1_external/context.ts",
      "versionRef": "4e375f11d540273f8840fb86e3cd57de999ab49c",
      "Length": 532,
      "update_at": "2025-11-06T18:11:18.000Z"
    },
    {
      "shortPath": "l1/layer_1_external/index.ts",
      "versionRef": "69f3722be628cdeaf893f213ce32c2e767dc80a6",
      "Length": 476,
      "update_at": "2025-11-06T18:11:18.000Z"
    },
    {
      "shortPath": "l1/layer_1_external/indexedDB/user.ts",
      "versionRef": "1b5748a94df70425fa5a6bcc5356ef65dac742fe",
      "Length": 2730,
      "update_at": "2025-11-06T18:11:18.000Z"
    },
    {
      "shortPath": "l1/layer_2_controllers/addUser.ts",
      "versionRef": "e70bf5ea0b31ae2447e4fb60b65883c05fd169ed",
      "Length": 917,
      "update_at": "2025-11-06T18:11:18.000Z"
    },
    {
      "shortPath": "l1/layer_2_controllers/delUser.ts",
      "versionRef": "fc9a41ab2e219fc85c9ec4116c7cfe126708e9d1",
      "Length": 859,
      "update_at": "2025-11-12T14:05:27.000Z"
    },
    {
      "shortPath": "l1/layer_2_controllers/listUser.ts",
      "versionRef": "b9cf1067e5679ab326dae0673dbb19c0a58d7d93",
      "Length": 764,
      "update_at": "2025-11-12T14:05:27.000Z"
    },
    {
      "shortPath": "l1/layer_2_controllers/routes.ts",
      "versionRef": "330eccad975f467fc271cc37d76b16e920e0e59e",
      "Length": 1182,
      "update_at": "2025-11-12T14:05:27.000Z"
    },
    {
      "shortPath": "l1/layer_2_controllers/uppUser.ts",
      "versionRef": "2534737e5ffda48f07c9868b5ba5ef0f4609cf52",
      "Length": 913,
      "update_at": "2025-11-12T14:05:27.000Z"
    },
    {
      "shortPath": "l1/layer_3_use_cases/addUser.ts",
      "versionRef": "947ebac16f49550118f339fc5b8b948a61c1df28",
      "Length": 362,
      "update_at": "2025-11-06T18:11:18.000Z"
    },
    {
      "shortPath": "l1/layer_3_use_cases/delUser.ts",
      "versionRef": "61d31d756e8b5b8db9f52974d478ff459128d8c4",
      "Length": 302,
      "update_at": "2025-11-12T14:05:27.000Z"
    },
    {
      "shortPath": "l1/layer_3_use_cases/listUser.ts",
      "versionRef": "125a769556fa0c4c8d371d553aebd9ae1cdb8ca8",
      "Length": 345,
      "update_at": "2025-11-12T14:05:27.000Z"
    },
    {
      "shortPath": "l1/layer_3_use_cases/uppUser.ts",
      "versionRef": "527f84d9083d6f3a92dbd218a9973d826c72cccc",
      "Length": 365,
      "update_at": "2025-11-12T14:05:27.000Z"
    },
    {
      "shortPath": "l1/layer_4_entities/user.ts",
      "versionRef": "51168195bdfec364ff47f09bbc5102ce345a5b96",
      "Length": 297,
      "update_at": "2025-11-06T18:11:18.000Z"
    },
    {
      "shortPath": "l1/layer_4_entities/userBase.ts",
      "versionRef": "bd1a0a0145ca88187a30d63b3727c24d7eaa3341",
      "Length": 405,
      "update_at": "2025-11-06T18:11:18.000Z"
    },
    {
      "shortPath": "l2/agentEndpoint.defs.ts",
      "versionRef": "ba9656e7e959773764aed90a60c81456d0853a20",
      "Length": 87,
      "update_at": "2025-11-12T12:47:31.000Z"
    },
    {
      "shortPath": "l2/agentEndpoint.html",
      "versionRef": "f8dc9ff7f1a5c3f9f6b05f1ca7f3a0b2922fe92d",
      "Length": 22,
      "update_at": "2025-11-12T12:47:31.000Z"
    },
    {
      "shortPath": "l2/agentEndpoint.less",
      "versionRef": "7c0f50a9fbdd6864ee045c034a4394a0b5e3c56e",
      "Length": 146,
      "update_at": "2025-11-12T12:47:31.000Z"
    },
    {
      "shortPath": "l2/agentEndpoint.test.ts",
      "versionRef": "4a987ef43d24e17ac89b3d63ddb0230d5f1eafae",
      "Length": 255,
      "update_at": "2025-11-12T12:47:31.000Z"
    },
    {
      "shortPath": "l2/agentEndpoint.ts",
      "versionRef": "1865e214ecaef55be0c539b9055c5f94865fdcd6",
      "Length": 77,
      "update_at": "2025-11-12T12:47:31.000Z"
    },
    {
      "shortPath": "l2/buildServer.defs.ts",
      "versionRef": "2fa4f7e4d8cce6e00ac34a52ac75cd8635cdf05f",
      "Length": 85,
      "update_at": "2025-11-07T19:23:29.000Z"
    },
    {
      "shortPath": "l2/buildServer.html",
      "versionRef": "d1e92a140f51c92d7c07265cdfb29c95a0f2f042",
      "Length": 20,
      "update_at": "2025-11-07T19:23:29.000Z"
    },
    {
      "shortPath": "l2/buildServer.less",
      "versionRef": "20a428cbf59b6a943edeb0edf4500794b82f52a2",
      "Length": 142,
      "update_at": "2025-11-07T19:23:29.000Z"
    },
    {
      "shortPath": "l2/buildServer.test.ts",
      "versionRef": "a53e449c0c9b5779c202fb0af0f43d571ab7112f",
      "Length": 253,
      "update_at": "2025-11-07T19:23:29.000Z"
    },
    {
      "shortPath": "l2/buildServer.ts",
      "versionRef": "b350656c6c20c0066c570b750d06cc55d6c031cb",
      "Length": 7697,
      "update_at": "2025-11-12T12:47:31.000Z"
    },
    {
      "shortPath": "l2/designSystem.defs.ts",
      "versionRef": "36b8091fe923137d60c9bd5f330122409bd841be",
      "Length": 86,
      "update_at": "2025-11-06T17:45:22.000Z"
    },
    {
      "shortPath": "l2/designSystem.html",
      "versionRef": "407e94c1cf19a0a3117d9d391bd2a1dcb58b4471",
      "Length": 21,
      "update_at": "2025-11-06T17:45:22.000Z"
    },
    {
      "shortPath": "l2/designSystem.less",
      "versionRef": "aab9f05dbd555e18402336d45c47d248b2827706",
      "Length": 144,
      "update_at": "2025-11-06T17:45:22.000Z"
    },
    {
      "shortPath": "l2/designSystem.test.ts",
      "versionRef": "759671b45f56d5c54cb486cf9e97335bec528460",
      "Length": 254,
      "update_at": "2025-11-06T17:45:22.000Z"
    },
    {
      "shortPath": "l2/designSystem.ts",
      "versionRef": "6eaccbb593d1768c75d776f7152655b1f0a5d91d",
      "Length": 16178,
      "update_at": "2025-11-06T17:45:22.000Z"
    },
    {
      "shortPath": "l2/example/module.defs.ts",
      "versionRef": "e631b20d9fcf925913fd716f9b09507a824d66f4",
      "Length": 87,
      "update_at": "2025-11-12T12:47:31.000Z"
    },
    {
      "shortPath": "l2/example/module.html",
      "versionRef": "6e54754ae6e62592cfb1ba96840c597443af8605",
      "Length": 15,
      "update_at": "2025-11-12T12:47:31.000Z"
    },
    {
      "shortPath": "l2/example/module.less",
      "versionRef": "b351608516bee29621ee2c06597375f5ebee22ca",
      "Length": 147,
      "update_at": "2025-11-12T12:47:31.000Z"
    },
    {
      "shortPath": "l2/example/module.test.ts",
      "versionRef": "56275c23ab71a6816087c8f5c0739666405b48b6",
      "Length": 255,
      "update_at": "2025-11-12T12:47:31.000Z"
    },
    {
      "shortPath": "l2/example/module.ts",
      "versionRef": "87726844f800be2860620dd5f54ba27ad3f7caef",
      "Length": 168,
      "update_at": "2025-11-12T12:47:31.000Z"
    },
    {
      "shortPath": "l2/liveServer.defs.ts",
      "versionRef": "112900e5e014fecb3645d7e8fb62c520fdeebb30",
      "Length": 84,
      "update_at": "2025-11-07T19:23:29.000Z"
    },
    {
      "shortPath": "l2/liveServer.html",
      "versionRef": "5f44fca83e64e6a25587490278feccdf0833b9a1",
      "Length": 41,
      "update_at": "2025-11-07T19:23:29.000Z"
    },
    {
      "shortPath": "l2/liveServer.less",
      "versionRef": "3654d416ea598c82870ab2a747501747c1cd4536",
      "Length": 5910,
      "update_at": "2025-11-07T19:23:29.000Z"
    },
    {
      "shortPath": "l2/liveServer.test.ts",
      "versionRef": "e7574f1c6e62979e96e75149474473363ff3ec3d",
      "Length": 252,
      "update_at": "2025-11-07T19:23:29.000Z"
    },
    {
      "shortPath": "l2/liveServer.ts",
      "versionRef": "c83e0124de37da35be9cf56bcfbb21c92500a746",
      "Length": 7715,
      "update_at": "2025-11-10T19:37:47.000Z"
    },
    {
      "shortPath": "l2/project.defs.ts",
      "versionRef": "e04415e8d96e1dc1d996fa07a31effe033e81d24",
      "Length": 81,
      "update_at": "2025-11-06T17:45:22.000Z"
    },
    {
      "shortPath": "l2/project.html",
      "versionRef": "88a90cf32ef33346febb29387541246b1be9a2e0",
      "Length": 16,
      "update_at": "2025-11-06T17:45:22.000Z"
    },
    {
      "shortPath": "l2/project.less",
      "versionRef": "f2bc0f7fd34cb99d26cc65f4cc55b362c1f97370",
      "Length": 130,
      "update_at": "2025-11-06T17:45:22.000Z"
    },
    {
      "shortPath": "l2/project.test.ts",
      "versionRef": "ecd4b1233b0840de7251310aaa433181b330fc7d",
      "Length": 249,
      "update_at": "2025-11-06T17:45:22.000Z"
    },
    {
      "shortPath": "l2/project.ts",
      "versionRef": "8f1ac065cbc520b3d970de88cc45e3eda7f02eb0",
      "Length": 1400,
      "update_at": "2025-11-06T18:11:18.000Z"
    },
    {
      "shortPath": "l2/start.defs.ts",
      "versionRef": "f6b59ea880a081736d24cf069199908f29b138e6",
      "Length": 79,
      "update_at": "2025-11-07T19:23:29.000Z"
    },
    {
      "shortPath": "l2/start.html",
      "versionRef": "df55f07ba1524decf5e7f0d4625b01ba5cd62b21",
      "Length": 14,
      "update_at": "2025-11-07T19:23:29.000Z"
    },
    {
      "shortPath": "l2/start.less",
      "versionRef": "ca6e377a3dbc618de81fb35655c9a772d4a41da5",
      "Length": 129,
      "update_at": "2025-11-07T19:23:29.000Z"
    },
    {
      "shortPath": "l2/start.test.ts",
      "versionRef": "7351245b4668c42b63038fd0e47891789129535f",
      "Length": 247,
      "update_at": "2025-11-07T19:23:29.000Z"
    },
    {
      "shortPath": "l2/start.ts",
      "versionRef": "88602bb334cfdc6a49a41e4a1626b70e5b64fd60",
      "Length": 7419,
      "update_at": "2025-11-11T18:24:34.000Z"
    },
    {
      "shortPath": "l5/project.json",
      "versionRef": "dd83bc42f62f3501e7ace249f2769b1dc75a71c1",
      "Length": 375,
      "update_at": "2025-11-06T17:45:22.000Z"
    },
    {
      "shortPath": "l0/package.json",
      "versionRef": "8d49e4d3bab3cc13dbc4ae1580fe2c1516123490",
      "Length": 470,
      "update_at": "2025-11-06T17:44:38.000Z"
    },
    {
      "shortPath": "l0/tsconfig.json",
      "versionRef": "6a95f6e8d8e3042af5f58de9c691a455a7221647",
      "Length": 1191,
      "update_at": "2025-11-06T17:44:39.000Z"
    }
  ]
}