{
  "lastModified": "2025-11-06T18:11:48.987Z",
  "files": [
    {
      "shortPath": "l0/README.md",
      "versionRef": "7a10214492b4407003b0d126f74e97641bc5c639",
      "Length": 1774,
      "update_at": "2025-11-06T17:46:29.000Z"
    },
    {
      "shortPath": "l1/common/local.ts",
      "versionRef": "6d6df197e26a8803ba38fb06346e5b18ac8cd469",
      "Length": 242,
      "update_at": "2025-11-06T18:11:18.000Z"
    },
    {
      "shortPath": "l1/global.ts",
      "versionRef": "366c1d9ba87c408cbb32d3c094c02e856da20922",
      "Length": 1115,
      "update_at": "2025-11-06T18:11:18.000Z"
    },
    {
      "shortPath": "l1/layer_1_external/context.ts",
      "versionRef": "4e375f11d540273f8840fb86e3cd57de999ab49c",
      "Length": 532,
      "update_at": "2025-11-06T18:11:18.000Z"
    },
    {
      "shortPath": "l1/layer_1_external/index.ts",
      "versionRef": "69f3722be628cdeaf893f213ce32c2e767dc80a6",
      "Length": 476,
      "update_at": "2025-11-06T18:11:18.000Z"
    },
    {
      "shortPath": "l1/layer_1_external/indexedDB/indexedDB.ts",
      "versionRef": "776ac555c782e1fcfc01e94e3b33d82a1a6e4607",
      "Length": 1283,
      "update_at": "2025-11-06T18:11:18.000Z"
    },
    {
      "shortPath": "l1/layer_1_external/indexedDB/user.ts",
      "versionRef": "1b5748a94df70425fa5a6bcc5356ef65dac742fe",
      "Length": 2730,
      "update_at": "2025-11-06T18:11:18.000Z"
    },
    {
      "shortPath": "l1/layer_2_controllers/addUser.ts",
      "versionRef": "e70bf5ea0b31ae2447e4fb60b65883c05fd169ed",
      "Length": 917,
      "update_at": "2025-11-06T18:11:18.000Z"
    },
    {
      "shortPath": "l1/layer_2_controllers/deleteUser.ts",
      "versionRef": "043c33559f6f95d1a917d278c82a6e3bfa80e403",
      "Length": 868,
      "update_at": "2025-11-06T18:11:18.000Z"
    },
    {
      "shortPath": "l1/layer_2_controllers/getListUser.ts",
      "versionRef": "55faf9c5b5fa15a7b5121152ed0ffea675e3ba43",
      "Length": 776,
      "update_at": "2025-11-06T18:11:18.000Z"
    },
    {
      "shortPath": "l1/layer_2_controllers/routes.ts",
      "versionRef": "951612b81c508ee1398c900a7fc90867f64814a5",
      "Length": 1210,
      "update_at": "2025-11-06T18:11:18.000Z"
    },
    {
      "shortPath": "l1/layer_2_controllers/updateUser.ts",
      "versionRef": "e586f34f64b2192beeb59968f573bfb81f5581d6",
      "Length": 925,
      "update_at": "2025-11-06T18:11:18.000Z"
    },
    {
      "shortPath": "l1/layer_3_use_cases/addUser.ts",
      "versionRef": "947ebac16f49550118f339fc5b8b948a61c1df28",
      "Length": 362,
      "update_at": "2025-11-06T18:11:18.000Z"
    },
    {
      "shortPath": "l1/layer_3_use_cases/deleteUser.ts",
      "versionRef": "4b2142e813f08a40126dd35dcdd992dafbb0e506",
      "Length": 308,
      "update_at": "2025-11-06T18:11:18.000Z"
    },
    {
      "shortPath": "l1/layer_3_use_cases/getListUser.ts",
      "versionRef": "4e1c8e1f44d6a016a78e3b180178ef331ec19438",
      "Length": 351,
      "update_at": "2025-11-06T18:11:18.000Z"
    },
    {
      "shortPath": "l1/layer_3_use_cases/updateUser.ts",
      "versionRef": "383ff0d7ae14bbea89840e108a67dac44c6caa91",
      "Length": 371,
      "update_at": "2025-11-06T18:11:18.000Z"
    },
    {
      "shortPath": "l1/layer_4_entities/user.ts",
      "versionRef": "51168195bdfec364ff47f09bbc5102ce345a5b96",
      "Length": 297,
      "update_at": "2025-11-06T18:11:18.000Z"
    },
    {
      "shortPath": "l1/layer_4_entities/userBase.ts",
      "versionRef": "bd1a0a0145ca88187a30d63b3727c24d7eaa3341",
      "Length": 405,
      "update_at": "2025-11-06T18:11:18.000Z"
    },
    {
      "shortPath": "l2/designSystem.defs.ts",
      "versionRef": "36b8091fe923137d60c9bd5f330122409bd841be",
      "Length": 86,
      "update_at": "2025-11-06T17:45:22.000Z"
    },
    {
      "shortPath": "l2/designSystem.html",
      "versionRef": "407e94c1cf19a0a3117d9d391bd2a1dcb58b4471",
      "Length": 21,
      "update_at": "2025-11-06T17:45:22.000Z"
    },
    {
      "shortPath": "l2/designSystem.less",
      "versionRef": "aab9f05dbd555e18402336d45c47d248b2827706",
      "Length": 144,
      "update_at": "2025-11-06T17:45:22.000Z"
    },
    {
      "shortPath": "l2/designSystem.test.ts",
      "versionRef": "759671b45f56d5c54cb486cf9e97335bec528460",
      "Length": 254,
      "update_at": "2025-11-06T17:45:22.000Z"
    },
    {
      "shortPath": "l2/designSystem.ts",
      "versionRef": "6eaccbb593d1768c75d776f7152655b1f0a5d91d",
      "Length": 16178,
      "update_at": "2025-11-06T17:45:22.000Z"
    },
    {
      "shortPath": "l2/project.defs.ts",
      "versionRef": "e04415e8d96e1dc1d996fa07a31effe033e81d24",
      "Length": 81,
      "update_at": "2025-11-06T17:45:22.000Z"
    },
    {
      "shortPath": "l2/project.html",
      "versionRef": "88a90cf32ef33346febb29387541246b1be9a2e0",
      "Length": 16,
      "update_at": "2025-11-06T17:45:22.000Z"
    },
    {
      "shortPath": "l2/project.less",
      "versionRef": "f2bc0f7fd34cb99d26cc65f4cc55b362c1f97370",
      "Length": 130,
      "update_at": "2025-11-06T17:45:22.000Z"
    },
    {
      "shortPath": "l2/project.test.ts",
      "versionRef": "ecd4b1233b0840de7251310aaa433181b330fc7d",
      "Length": 249,
      "update_at": "2025-11-06T17:45:22.000Z"
    },
    {
      "shortPath": "l2/project.ts",
      "versionRef": "8f1ac065cbc520b3d970de88cc45e3eda7f02eb0",
      "Length": 1400,
      "update_at": "2025-11-06T18:11:18.000Z"
    },
    {
      "shortPath": "l5/project.json",
      "versionRef": "dd83bc42f62f3501e7ace249f2769b1dc75a71c1",
      "Length": 375,
      "update_at": "2025-11-06T17:45:22.000Z"
    },
    {
      "shortPath": "l0/package.json",
      "versionRef": "8d49e4d3bab3cc13dbc4ae1580fe2c1516123490",
      "Length": 470,
      "update_at": "2025-11-06T17:44:38.000Z"
    },
    {
      "shortPath": "l0/tsconfig.json",
      "versionRef": "6a95f6e8d8e3042af5f58de9c691a455a7221647",
      "Length": 1191,
      "update_at": "2025-11-06T17:44:39.000Z"
    }
  ]
}